Last Updated: Jun 30 (Age Groups),,,,,,,
ID,Age,Annual Income,Gender,Ethnicity,CrossStreet1,CrossStreet2,ZipCode
1,Under 5,20000-30000,Male,White,Austin St,72nd Rd,11375
2,5-9,50000-60000,Female,Black,Broadway,Houston Street,10012
3,10-14,30000-40000,Male,Hispanic,Lexington Avenue,42nd St,10017
4,15-19,20000-30000,Male,Asian,5th Avenue,23rd St,10010
5,20-24,80000-90000,Female,White,Park Avenue,57th St,10022
6,25-29,10000-20000,Male,Black,Madison Avenue,34th St,10016
7,30-34,40000-50000,Female,Hispanic,6th Avenue,14th St,10011
8,35-39,50000-60000,Male,Asian,Broadway,Canal St,10013
9,40-44,70000-80000,Male,White,7th Avenue,42nd St,10036
10,45-49,20000-30000,Female,Black,2nd Avenue,Houston St,10009
11,50-54,40000-50000,Male,Hispanic,3rd Avenue,86th St,10128
12,55-59,50000-60000,Male,Asian,Vernon Blvd,Jackson Ave,11101
13,60-64,20000-30000,Female,White,Queens Plaza,Crescent St,11102
14,65-69,70000-80000,Male,Black,21st St,44th Ave,11105
15,70-74,30000-40000,Female,Hispanic,Jackson Ave,47th Rd,11101
16,75-79,50000-60000,Unknown,Asian,Pulaski Bridge,11th St,11106
17,80-84,80000-90000,Male,White,27th St,Queens Blvd,11101
18,85 & Over,10000-20000,Female,Black,Thompson Ave,30th St,11101
19,Under 5,70000-80000,Male,Hispanic,36th Ave,37th St,11106
20,5-9,10000-20000,Male,Asian,Vernon Blvd,50th Ave,11101
21,10-14,50000-60000,Female,White,Queens Plaza South,27th St,11102
22,15-19,20000-30000,Male,Black,Broadway,Houston Street,10012
23,20-24,70000-80000,Female,Hispanic,Lexington Avenue,42nd St,10017
24,25-29,"30,000 - 40,000",Unknown,Hispanic,5th Avenue,23rd St,10010
25,30-34,"40,000 - 50,000",Male,Black,Park Avenue,57th St,10022
26,35-39,"50,000 - 60,000",Female,Asian,Madison Avenue,34th St,10016
27,40-44,"20,000 - 30,000",Male,White,6th Avenue,14th St,10011
28,45-49,"30,000 - 40,000",Male,Hispanic,Broadway,Canal St,10013
29,50-54,"40,000 - 50,000",Female,Black,7th Avenue,42nd St,10036
30,55-59,"70,000 - 80,000",Male,Asian,2nd Avenue,Houston St,10009
31,60-64,"20,000 - 30,000",Female,White,3rd Avenue,86th St,10128
32,65-69,"50,000 - 60,000",Unknown,Hispanic,Vernon Blvd,Jackson Ave,11101
33,70-74,"60,000 - 70,000",Male,Black,Queens Plaza,Crescent St,11102
34,75-79,"10,000 - 20,000",Female,Asian,21st St,44th Ave,11105
35,80-84,"40,000 - 50,000",Male,White,Jackson Ave,47th Rd,11101
36,85 & Over,"30,000 - 40,000",Male,Hispanic,Pulaski Bridge,11th St,11106
37,Under 5,"50,000 - 60,000",Female,Black,27th St,Queens Blvd,11101
38,5-9,"20,000 - 30,000",Male,Asian,Thompson Ave,30th St,11101
39,10-14,"40,000 - 50,000",Female,White,36th Ave,37th St,11106
40,15-19,"80,000 - 90,000",Unknown,Hispanic,Vernon Blvd,50th Ave,11101
41,20-24,"30,000 - 40,000",Male,Black,Queens Plaza South,27th St,11102
42,25-29,20000-30000,Female,Hispanic,Lexington Avenue,125th St,10027
43,30-34,30000-40000,Male,Asian,Broadway,86th St,10024
44,35-39,40000-50000,Male,Black,Fifth Avenue,42nd St,10018
45,40-44,20000-30000,Female,White,Main St,Roosevelt Ave,11354
46,45-49,60000-70000,Male,Hispanic,Northern Blvd,75th St,11372
47,50-54,40000-50000,Female,Asian,Jamaica Ave,Parsons Blvd,11432
48,55-59,50000-60000,Unknown,Black,Woodhaven Blvd,Myrtle Ave,11385
49,60-64,10000-20000,Male,White,Hillside Ave,188th St,11423
50,65-69,70000-80000,Female,Hispanic,Rockaway Blvd,99th St,11417
51,70-74,30000-40000,Male,Asian,Cross Bay Blvd,Liberty Ave,11414
52,75-79,40000-50000,Male,Black,3rd Avenue,86th St,10128
53,80-84,20000-30000,Female,White,Vernon Blvd,Jackson Ave,11101
54,85 & Over,80000-90000,Male,Hispanic,Queens Plaza,Crescent St,11102
55,Under 5,40000-50000,Female,Asian,21st St,44th Ave,11105
56,5-9,50000-60000,Unknown,Black,Jackson Ave,47th Rd,11101
57,10-14,10000-20000,Male,White,Pulaski Bridge,11th St,11106
58,15-19,60000-70000,Female,Hispanic,27th St,Queens Blvd,11101
59,20-24,30000-40000,Male,Asian,Thompson Ave,30th St,11101
60,25-29,40000-50000,Male,Black,36th Ave,37th St,11106
61,30-34,20000-30000,Female,White,Vernon Blvd,50th Ave,11101
62,35-39,70000-80000,Male,Hispanic,Queens Plaza South,27th St,11102
63,40-44,25000-35000,Female,Hispanic,Jackson Ave,21st St,11101
64,45-49,40000-50000,Unknown,White,Jackson Ave,44th Dr,11101
65,50-54,55000-65000,Male,Asian,Borden Ave,2nd St,11101
66,55-59,70000-80000,Female,Black,21st St,45th Ave,11101
67,60-64,90000-100000,Male,Hispanic,Jackson Ave,23rd St,11101
68,65-69,110000-120000,Male,White,Jackson Ave,28th St,11101
69,70-74,25000-35000,Female,Hispanic,Vernon Blvd,47th Ave,11101
70,75-79,40000-50000,Male,Asian,Jackson Ave,33rd Rd,11101
71,80-84,55000-65000,Female,White,Thompson Ave,31st St,11101
72,85 & Over,70000-80000,Unknown,Hispanic,36th Ave,35th St,11106
73,Under 5,90000-100000,Male,Black,Borden Ave,5th St,11101
74,5-9,110000-120000,Female,Asian,21st St,40th Ave,11101
75,10-14,25000-35000,Male,Black,Jackson Ave,27th St,11101
76,15-19,40000-50000,Male,Hispanic,37th Ave,35th St,11101
77,20-24,55000-65000,Female,White,Vernon Blvd,51st Ave,11101
78,25-29,70000-80000,Male,Asian,Thompson Ave,29th St,11101
79,30-34,90000-100000,Female,Black,Jackson Ave,43rd Ave,11101
80,35-39,110000-120000,Unknown,Hispanic,28th St,41st Ave,11101
81,40-44,20000-30000,Male,Hispanic/Latino,Jackson Ave,25th St,11101
82,45-49,30000-40000,Female,White,36th Ave,34th St,11106
83,50-54,40000-50000,Male,Black/African American,Borden Ave,3rd St,11101
84,55-59,50000-60000,Male,Asian,21st St,43rd Ave,11101
85,60-64,60000-70000,Female,Hispanic/Latino,Jackson Ave,22nd St,11101
86,65-69,70000-80000,Male,White,29th St,41st Ave,11101
87,70-74,80000-90000,Female,Black/African American,Jackson Ave,24th St,11101
88,75-79,90000-100000,Unknown,Asian,27th St,41st Ave,11101
89,80-84,>100000,Male,Hispanic/Latino,Flatbush Ave,Atlantic Ave,11217
90,85 & Over,>100000,Female,White,Smith St,Court St,11201
91,Under 5,20000-30000,Male,Black/African American,Bedford Ave,N 7th St,11249
92,5-9,30000-40000,Male,Hispanic/Latino,Montague St,Clinton St,11201
93,10-14,40000-50000,Female,White,Broadway,Wall St,10005
94,15-19,50000-60000,Male,Black/African American,Canal St,Bowery,10013
95,20-24,60000-70000,Female,Asian,Hudson St,King St,10014
96,25-29,70000-80000,Unknown,Hispanic/Latino,W Houston St,Varick St,10012
97,30-34,80000-90000,Male,White,Grand St,Mulberry St,10013
98,35-39,90000-100000,Female,Black/African American,Lexington Ave,E 42nd St,10017
99,40-44,>100000,Male,Asian,Madison Ave,E 34th St,10016
100,45-49,>100000,Male,Hispanic/Latino,5th Ave,W 23rd St,10010
101,50-54,20001 - 40000,Female,White,Lexington Ave,E 125th St,10035
102,55-59,40001 - 60000,Male,Black,7th Ave,W 42nd St,10036
103,60-64,60001 - 80000,Female,Hispanic,2nd Ave,E Houston St,10003
104,65-69,80001 - 100000,Unknown,Asian,3rd Ave,E 86th St,10028
105,70-74,20001 - 40000,Male,White,Madison Ave,E 72nd St,10021
106,75-79,40001 - 60000,Female,Hispanic,Park Ave,E 57th St,10022
107,80-84,60001 - 80000,Male,Asian,Broadway,E 14th St,10003
108,85 & Over,80001 - 100000,Male,Black,5th Ave,W 42nd St,10018
109,Under 5,20001 - 40000,Female,Hispanic,Broadway,W 86th St,10024
110,5-9,40001 - 60000,Male,White,Hudson St,Christopher St,10014
111,10-14,60001 - 80000,Female,Asian,Union St,4th Ave,11215
112,15-19,80001 - 100000,Unknown,Black,Atlantic Ave,Court St,11201
113,20-24,20001 - 40000,Male,White,Flatbush Ave,Fulton St,11217
114,25-29,40001 - 60000,Female,Hispanic,Bedford Ave,Metropolitan Ave,11249
115,30-34,60001 - 80000,Male,Black,Jay St,Front St,11201
116,35-39,80001 - 100000,Male,Hispanic,Greenwich St,W Houston St,10014
117,40-44,20001 - 40000,Female,Asian,Canal St,Chrystie St,10013
118,45-49,40001 - 60000,Male,White,West St,W Houston St,10014
119,50-54,60001 - 80000,Female,Hispanic,Broadway,Prince St,10012
120,55-59,25000-35000,Unknown,Black or African American,Lexington Ave,E 53rd St,10022
121,60-64,40000-50000,Male,Hispanic or Latino,Park Ave,E 42nd St,10017
122,65-69,15000-25000,Female,Asian,6th Ave,W 23rd St,10011
123,70-74,35000-45000,Male,White,Madison Ave,E 57th St,10022
124,75-79,60000-70000,Male,White,Lexington Ave,E 96th St,10128
125,80-84,15000-25000,Female,Black or African American,5th Ave,W 34th St,10001
126,85 & Over,50000-60000,Male,Hispanic or Latino,2nd Ave,E 14th St,10003
127,Under 5,70000-80000,Female,White,3rd Ave,E 42nd St,10017
128,5-9,25000-35000,Unknown,Asian,Madison Ave,E 72nd St,10021
129,10-14,35000-45000,Male,Black or African American,Lexington Ave,E 86th St,10028
130,15-19,80000-90000,Female,Hispanic or Latino,Broadway,W 42nd St,10036
131,20-24,45000-55000,Male,White,6th Ave,W 34th St,10018
132,25-29,25000-35000,Male,Black or African American,5th Ave,E 57th St,10022
133,30-34,60000-70000,Female,Hispanic or Latino,Lexington Ave,E 23rd St,10010
134,35-39,35000-45000,Male,White,Jamaica Ave,Parsons Blvd,11432
135,40-44,35000-45000,Female,Asian,Hillside Ave,164th St,11432
136,45-49,90000-100000,Unknown,Black or African American,Queens Blvd,Union Tpke,11375
137,50-54,15000-25000,Male,White,Main St,Roosevelt Ave,11354
138,55-59,70000-80000,Female,Asian,Northern Blvd,Bell Blvd,11360
139,60-64,45000-55000,Male,Hispanic or Latino,Merrick Blvd,Archer Ave,11433
140,65-69,20000-30000,Male,Hispanic or Latino,Rockaway Blvd,120th St,11420
141,70-74,40000-50000,Female,White,Woodhaven Blvd,Jamaica Ave,11421
142,75-79,50000-60000,Male,African American,Hillside Ave,188th St,11423
143,80-84,10000-20000,Female,Asian,Queens Blvd,63rd Dr,11374
144,85 & Over,30000-40000,Unknown,Hispanic or Latino,Sutphin Blvd,Archer Ave,11435
145,Under 5,70000-80000,Male,White,Cross Bay Blvd,160th Ave,11414
146,5-9,60000-70000,Female,African American,Astoria Blvd,31st St,11106
147,10-14,10000-20000,Male,Hispanic or Latino,Broadway,Queens Blvd,11106
148,15-19,50000-60000,Male,White,Steinway St,30th Ave,11103
149,20-24,30000-40000,Female,Asian,Northern Blvd,82nd St,11372
150,25-29,40000-50000,Male,African American,Astoria Blvd,82nd St,11370
151,30-34,20000-30000,Female,Hispanic or Latino,Woodside Ave,61st St,11377
152,35-39,60000-70000,Unknown,White,Grand Ave,Queens Blvd,11378
153,40-44,30000-40000,Male,Asian,Roosevelt Ave,74th St,11372
,,,,,,,
*NOTES,,,,,,,